{
  "generated_at": "2025-12-27T18:49:19.253916",
  "trends": {
    "EC2": {
      "current_cost": 2250.0,
      "previous_cost": 2375.0000000000005,
      "average_cost": 2590.909090909091,
      "change_percent": -5.26315789473686,
      "trend": "stable",
      "month_count": 11,
      "cost_history": {
        "2025-01": 2500.0,
        "2025-03": 2375.0000000000005,
        "2025-04": 2250.0,
        "2025-05": 4875.0,
        "2025-06": 2250.0,
        "2025-07": 2500.0,
        "2025-08": 2375.0000000000005,
        "2025-09": 2250.0,
        "2025-10": 2500.0,
        "2025-11": 2375.0000000000005,
        "2025-12": 2250.0
      }
    },
    "RDS": {
      "current_cost": 1350.0,
      "previous_cost": 1425.0,
      "average_cost": 1554.5454545454545,
      "change_percent": -5.263157894736842,
      "trend": "stable",
      "month_count": 11,
      "cost_history": {
        "2025-01": 1500.0,
        "2025-03": 1425.0,
        "2025-04": 1350.0,
        "2025-05": 2925.0,
        "2025-06": 1350.0,
        "2025-07": 1500.0,
        "2025-08": 1425.0,
        "2025-09": 1350.0,
        "2025-10": 1500.0,
        "2025-11": 1425.0,
        "2025-12": 1350.0
      }
    },
    "S3": {
      "current_cost": 675.0,
      "previous_cost": 712.5,
      "average_cost": 777.2727272727273,
      "change_percent": -5.263157894736842,
      "trend": "stable",
      "month_count": 11,
      "cost_history": {
        "2025-01": 750.0,
        "2025-03": 712.5,
        "2025-04": 675.0,
        "2025-05": 1462.5,
        "2025-06": 675.0,
        "2025-07": 750.0,
        "2025-08": 712.5,
        "2025-09": 675.0,
        "2025-10": 750.0,
        "2025-11": 712.5,
        "2025-12": 675.0
      }
    },
    "CloudFront": {
      "current_cost": 900.0,
      "previous_cost": 950.0,
      "average_cost": 1036.3636363636363,
      "change_percent": -5.263157894736842,
      "trend": "stable",
      "month_count": 11,
      "cost_history": {
        "2025-01": 1000.0,
        "2025-03": 950.0,
        "2025-04": 900.0,
        "2025-05": 1950.0,
        "2025-06": 900.0,
        "2025-07": 1000.0,
        "2025-08": 950.0,
        "2025-09": 900.0,
        "2025-10": 1000.0,
        "2025-11": 950.0,
        "2025-12": 900.0
      }
    },
    "ElastiCache": {
      "current_cost": 450.0,
      "previous_cost": 475.0,
      "average_cost": 518.1818181818181,
      "change_percent": -5.263157894736842,
      "trend": "stable",
      "month_count": 11,
      "cost_history": {
        "2025-01": 500.0,
        "2025-03": 475.0,
        "2025-04": 450.0,
        "2025-05": 975.0,
        "2025-06": 450.0,
        "2025-07": 500.0,
        "2025-08": 475.0,
        "2025-09": 450.0,
        "2025-10": 500.0,
        "2025-11": 475.0,
        "2025-12": 450.0
      }
    },
    "SQS": {
      "current_cost": 225.0,
      "previous_cost": 237.5,
      "average_cost": 259.09090909090907,
      "change_percent": -5.263157894736842,
      "trend": "stable",
      "month_count": 11,
      "cost_history": {
        "2025-01": 250.0,
        "2025-03": 237.5,
        "2025-04": 225.0,
        "2025-05": 487.5,
        "2025-06": 225.0,
        "2025-07": 250.0,
        "2025-08": 237.5,
        "2025-09": 225.0,
        "2025-10": 250.0,
        "2025-11": 237.5,
        "2025-12": 225.0
      }
    },
    "CloudWatch": {
      "current_cost": 337.5,
      "previous_cost": 356.25,
      "average_cost": 388.6363636363636,
      "change_percent": -5.263157894736842,
      "trend": "stable",
      "month_count": 11,
      "cost_history": {
        "2025-01": 375.0,
        "2025-03": 356.25,
        "2025-04": 337.5,
        "2025-05": 731.25,
        "2025-06": 337.5,
        "2025-07": 375.0,
        "2025-08": 356.25,
        "2025-09": 337.5,
        "2025-10": 375.0,
        "2025-11": 356.25,
        "2025-12": 337.5
      }
    }
  },
  "anomalies": [],
  "rightsizing_recommendations": [],
  "spot_analysis": {
    "service": "EC2",
    "on_demand_cost": 28500.0,
    "spot_discount_percent": 50.0,
    "potential_monthly_savings": 14250.0,
    "potential_annual_savings": 171000.0,
    "suitable_workloads": [
      "Batch processing",
      "Non-critical background jobs",
      "Development and testing",
      "Data processing pipelines"
    ],
    "caution": [
      "Not suitable for production critical workloads",
      "Ensure proper error handling for interruptions",
      "Use spot instances with auto-scaling groups"
    ]
  }
}